<?xml version="1.0" encoding="UTF-8"?>
<actions>
        <action>
            <actionName>run</actionName>
            <packagings>
                <packaging>jar</packaging>
            </packagings>
            <goals>
                <goal>cn1:run</goal>
            </goals>
        </action>
        <action>
            <actionName>debug</actionName>
            <packagings>
                <packaging>jar</packaging>
            </packagings>
            <goals>
                <goal>cn1:debug</goal>
            </goals>
            <properties>
                <jpda.listen>true</jpda.listen>
            </properties>
        </action>
    </actions>
